{
	"PROC_CHECK_USER": {
		"callService": {
			"service": "Update_Data_String"
		},
		"request": {
			"USER_CODE": "0",
			"USER_PASS": "1"
		},
		"response": {
			"USER_ID": "1",
			"USER_CODE": "2",
			"USER_PASS": "3",
			"USER_NAME": "4",
			"DEP_ID": "5",
			"USER_TEL": "6",
			"DEP_NAME": "7",
			"DEP_AREA": "8",
			"USER_JG": "9",
			"DEP_LEVEL": "10",
			"AREA_CODE": "11",
			"T_IS_FLASH_AUTHORIZED": "12",
			"T_YEARS": "13",
			"T_IS_SK": "14",
			"T_IS_SK_HOSP": "15",
			"T_IS_XJ": "16",
			"T_RJZ_DATE": "17",
			"T_CH_START_DATE": "18",
			"T_CH_END_DATE": "19",
			"T_DY_MX_IS_HZ": "20",
			"T_IS_BLUSH_DAY": "21",
			"T_BLUSH_DAY": "22"
		}
	}
}