{
	"PROC_CHECK_USER": {
		"callService": {
			"service": "Update_Data_String"
		},
		"request": {
			"USER_CODE": "0",
			"USER_PASS": "1"
		},
		"response": {
			"return_code": "0",
			"USER_ID": "1",
			"USER_CODE": "2",
			"USER_PASS": "3",
			"USER_NAME": "4",
			"DEP_ID": "5",
			"USER_TEL": "6",
			"DEP_NAME": "7",
			"DEP_AREA": "8",
			"USER_JG": "9",
			"DEP_LEVEL": "10",
			"AREA_CODE": "11",
			"T_IS_FLASH_AUTHORIZED": "12",
			"T_YEARS": "13",
			"T_IS_SK": "14",
			"T_IS_SK_HOSP": "15",
			"T_IS_XJ": "16",
			"T_RJZ_DATE": "17",
			"T_CH_START_DATE": "18",
			"T_CH_END_DATE": "19",
			"T_DY_MX_IS_HZ": "20",
			"T_IS_BLUSH_DAY": "21",
			"T_BLUSH_DAY": "22"
		}
	},
	"Check_Ylzh_Bulsh": {
		"callService": {
			"service": "Execute_Sql"
		},
		"request": {
			"AREA_NO": "0",
			"M_MM": "1"
		},
		"response": {
			"return_code": "0",
			"D401_10": "1"
		}
	},
	"PROC_ZYBZ_NOTICE_CHECK": {
		"callService": {
			"service": "Update_Data_String"
		},
		"request": {
			"AREA_NO": "0",
			"D401_10": "1",
			"D401_21": "2",
			"DEP_ID": "3"
		},
		"response": {
			"return_code": "0",
			"info": "1"
		}
	},
	"Get_Member_Information": {
		"callService": {
			"service": "Execute_Sql"
		},
		"request": {
			"AREA_NO": "0",
			"D401_10": "1",
			"D401_21": "2"
		},
		"response": {
			"return_code": "0",
			"D401_02": "1",
			"D401_01": "2",
			"SEX": "3",
			"AGE": "4",
			"D401_13": "5",
			"NAMENATIONAL": "6",
			"D601_17": "7",
			"D503_17": "8",
			"TC_REMAIN": "9",
			"GRLB": "10",
			"JTLB": "11",
			"D401_04": "12"
		}
	},
	"GetYljgjb": {
		"callService": {
			"service": "Execute_Sql"
		},
		"request": {
			"AREA_NO": "0",
			"DEP_ID": "1"
		},
		"response": {
			"return_code": "0",
			"ITEM_CODE": "1"
		}
	},
	"PROC_DIAGNOSIS_CHECK": {
		"callService": {
			"service": "Update_Data_String"
		},
		"request": {
			"DIAGNOSIS_CODE": "0"
		},
		"response": {
			"return_code": "0",
			"info": "1"
		}
	},
	"PROC_CALE_PRICE_LIST": {
		"callService": {
			"service": "Update_Data_String"
		},
		"request": {
			"AREA_NO": "0",
			"D401_10": "1",
			"D401_21": "2",
			"DEP_ID": "3",
			"D501_16": "4",
			"D503_15": "5",
			"DEP_LEVEL": "6",
			"D503_16": "7",
			"D501_10": "8",
			"USER_ID": "9",
			"FLAG": "10",
			"D502_04": "11",
			"D502_09": "12",
			"D502_08": "13",
			"D502_10": "14",
			"D501_13": "15",
			"D501_14": "16",
			"D501_15": "17",
			"D503_03": "18",
			"D503_08": "19",
			"D503_09": "20",
			"OUTP_FACC": "21",
			"SELF_PAY": "22",
			"D501_09": "23",
			"D503_18": "24",
			"HOSP_NAME": "25",
			"D601_17_OUT": "26",
			"XY_OUT": "27",
			"ZCAOY_OUT": "28",
			"ZCHENGY_OUT": "29"
		},
		"response": {
			"return_code": "0",
			"O_TOTAL_COSTS": "1",
			"O_ZF_COSTS": "2",
			"O_TOTAL_CHAGE": "3",
			"O_OUTP_FACC": "4",
			"O_OUT_JJ": "5",
			"O_D503_09": "6",
			"D601_17_OUT": "7",
			"XY_OUT": "8",
			"ZCAOY_OUT": "9",
			"ZCHENGY_OUT": "10"
		}
	},
	"Print_Mz_New": {
		"callService": {
			"service": "Execute_Sql"
		},
		"request": {
			"AREA_NO": "0",
			"T_D502_01": "1"
		},
		"response": {
			"return_code": "0",
			"D501_01": "1",
			"D501_03": "2",
			"d501_04": "3",
			"d401_04": "4",
			"d501_08": "5",
			"D401_13": "6",
			"d601_09": "7",
			"d601_16": "8",
			"d610_17": "9",
			"d501_10": "10",
			"d101_02": "11",
			"item_name": "12",
			"diagnosis_name": "13",
			"d503_03": "14",
			"d503_08": "15",
			"d501_09": "16",
			"d501_09_T": "17",
			"TOTAL_COSTS": "18",
			"D506_19": "19",
			"DY_DATE": "20",
			"D503_18": "21"
		}
	},
	"MZCZ": {
		"callService": {
			"service": "Update_Data_String"
		},
		"request": {
			"AREA_NO": "0",
			"T_D502_01": "1"
		},
		"response": {
			"return_code": "0",
			"info": "1"
		}
	},
	"MZCZ": {
		"callService": {
			"service": "Update_Data_String"
		},
		"request": {
			"AREA_NO": "0",
			"T_D502_01": "1"
		},
		"response": {
			"return_code": "0",
			"info": "1"
		}
	},
	"Get_New_Ylzh": {
		"callService": {
			"service": "Execute_Sql"
		},
		"request": {
			"AREA_NO": "0",
			"D401_10_TEMP": "1"
		},
		"response": {
			"return_code": "0",
			"D401_10": "1"
		}
	},
	"Get_Member_Information_Rydj": {
		"callService": {
			"service": "Execute_Sql"
		},
		"request": {
			"AREA_NO": "0",
			"D401_10": "1",
			"D401_21": "2"
		},
		"response": {
			"return_code": "0",
			"D401_10": "1",
			"D401_21": "2",
			"D401_02": "3",
			"XB": "4",
			"D401_03": "5",
			"D401_01": "6",
			"AGE": "7",
			"D401_13": "8",
			"INP_DATE": "9",
			"IDENTITY": "10"
		}
	},
	"PROC_ZYH_CHECK": {
		"callService": {
			"service": "Update_Data_String"
		},
		"request": {
			"DEP_ID": "0",
			"D504_09": "1"
		},
		"response": {
			"return_code": "0",
			"info": "1"
		}
	},
	"PROC_NEW_NOTICE": {
		"callService": {
			"service": "Update_Data_String"
		},
		"request": {
			"COME_AREA": "0",
			"AREA_CODE": "1",
			"D401_10": "2",
			"D504_02": "3",
			"D504_03": "4",
			"D504_04": "5",
			"D504_05": "6",
			"D504_06": "7",
			"D504_21": "8",
			"D504_09": "9",
			"D504_10": "10",
			"D504_11": "11",
			"D504_14": "12",
			"D504_19": "13",
			"D504_16": "14",
			"D504_28": "15"
		},
		"response": {
			"return_code": "0",
			"D504_01": "1"
		}
	},
	"PROC_UPDATE_NOTICE": {
		"callService": {
			"service": "Update_Data_String"
		},
		"request": {
			"AREA_CODE": "0",
			"D504_01": "1",
			"D504_21": "2",
			"D504_09": "3",
			"D504_10": "4",
			"D504_19": "5",
			"D504_16": "6",
			"D504_11": "7",
			"D504_28": "8"
		},
		"response": {
			"return_code": "0",
			"info": "1"
		}
	},
	"PROC_DELETE_NOTICE": {
		"callService": {
			"service": "Update_Data_String"
		},
		"request": {
			"AREA_CODE": "0",
			"D504_01": "1"
		},
		"response": {
			"return_code": "0",
			"info": "1"
		}
	},
	"Find_New_Ylzh": {
		"callService": {
			"service": "Execute_Sql"
		},
		"request": {
			"AREA_NO": "0",
			"DEP_ID": "1",
			"D504_09": "2"
		},
		"response": {
			"return_code": "0",
			"D401_10": "1"
		}
	},
	"Get_Member_Zy_Information": {
		"callService": {
			"service": "Execute_Sql"
		},
		"request": {
			"AREA_NO": "0",
			"D401_10": "1",
			"D401_21": "2",
			"DEP_ID": "3"
		},
		"response": {
			"return_code": "0",
			"D504_03": "1",
			"D504_04": "2",
			"D504_01": "3",
			"D504_05": "4",
			"D504_06": "5",
			"D504_08": "6",
			"D401_13": "7",
			"D504_10": "8",
			"D504_11": "9",
			"D504_16": "10",
			"D504_19": "11",
			"D504_07": "12",
			"D504_02": "13",
			"D505_COSTS": "14",
			"D505_REDEEMABLE": "15",
			"D504_21": "16",
			"D505_SELFPAY": "17",
			"D506_25": "18",
			"CHSJ": "19",
			"D506_23_JT": "20",
			"D506_23_GR": "21",
			"DIAGNOSIS_NAME": "22",
			"SBSJ": "23",
			"D401_04": "24",
			"IDENTITY": "25"
		}
	},
	"Save_Row": {
		"callService": {
			"service": "Update_Data_String"
		},
		"request": {
			"D505_02": "0",
			"COME_AREA": "1",
			"AREA_CODE": "2",
			"D505_04": "3",
			"D505_08": "4",
			"D505_07": "5",
			"D505_09": "6",
			"D505_ID_HIS": "7",
			"USER_ID": "8",
			"D504_14": "9",
			"USER_NAME": "10",
			"LEVEL": "11"
		},
		"response": {
			"return_code": "0",
			"d505_01": "1",
			"TOTAL_COSTS ": "2",
			"TOTAL_CHAGE": "3",
			"ZF_COSTS": "4"
		}
	},
	"PROC_DELETE_PRICE_LIST": {
		"callService": {
			"service": "Update_Data_String"
		},
		"request": {
			"AREA_CODE": "0",
			"D504_01": "1",
			"START_DATE": "2",
			"END_DATE": "3"
		},
		"response": {
			"return_code": "0",
			"info": "1"
		}
	},
	"Get_S301_06_Zy": {
		"callService": {
			"service": "Execute_Sql"
		},
		"request": {
			"AREA_CODE": "0"
		},
		"response": {
			"return_code": "0",
			"info": "1"
		}
	},
    "Get_S301_06": {
		"callService": {
			"service": "Execute_Sql"
		},
		"request": {
			"AREA_CODE": "0"
		},
		"response": {
			"return_code": "0",
			"info": "1"
		}
	},
	"getShisuanResult": {
		"callService": {
			"service": "Update_Data_String"
		},
		"request": {
			"D505_02": "0",
			"COME_AREA": "1",
			"AREA_CODE": "2",
			"D504_07": "3",
			"D504_02": "4",
			"D504_14": "5",
			"D504_21": "6",
			"D504_11": "7",
			"D506_15": "8",
			"D504_15": "9",
			"D504_06": "10",
			"D504_10": "11",
			"D504_12": "12",
			"D504_29": "13",
			"D504_16_D": "14",
			"D504_16_T": "15",
			"S701_01": "16"
		},
		"response": {
			"return_code": "0",
			"TOTAL_COSTS": "1",
			"ZF_COSTS": "2",
			"TOTAL_CHAGE": "3",
			"D506_23": "4",
			"D506_18": "5",
			"BEGINPAY": "6",
			"SCALE": "7",
			"HEAV_REDEEM_SUM": "8",
			"REDEEM_TOTAL": "9"
		}
	},
	"Print_Zy_New": {
		"callService": {
			"service": "Execute_Sql"
		},
		"request": {
			"AREA_NO": "0",
			"D504_01": "1"
		},
		"response": {
			"return_code": "0",
			"D504_01": "1",
			"D506_16": "2",
			"D506_25": "3",
			"D504_03": "4",
			"D504_08": "5",
			"IDENTITY": "6",
			"HZ_NAME": "7",
			"HZ_D401_01": "8",
			"D504_18": "9",
			"xb": "10",
			"D301_09": "11",
			"D504_28": "12",
			"D504_06": "13",
			"D101_02": "14",
			"ITEM_NAME": "15",
			"D504_09": "16",
			"DIAGNOSIS_NAME": "17",
			"BCLX": "18",
			"D504_11": "19",
			"D504_12": "20",
			"D504_13": "21",
			"D506_03": "22",
			"BEGINPAY": "23",
			"BZBL": "24",
			"BZHJ": "25",
			"BZHJ_DX": "26",
			"GRFD": "27",
			"D404_17": "28",
			"ZFYHJ": "29",
			"BCFYHJ": "30"
		}
	},
	"Zycz": {
		"callService": {
			"service": "Execute_Sql"
		},
		"request": {
			"AREA_NO": "0",
			"D505_02": "1",
			"IS_SAVE": "2"
		},
		"response": {
			"return_code": "0",
			"D504_01": "1"
		}
	},
	"sqlp": {
		"callService": {
			"service": "Update_Data_String"
		},
		"request": {
			"AREA_NO": "0",
			"D504_01": "1",
			"USER_NAME": "2"
		},
		"response": {
			"return_code": "0",
			"info": "1"
		}
	},
	"Get_Is_Sk": {
		"callService": {
			"service": "Execute_Sql"
		},
		"request": {
			"AREA_NO": "0"
		},
		"response": {
			"T_COUNT": "0",
			"SK_TYPE": "1"
		}
	},
	"Get_Is_Hops_Sk": {
		"callService": {
			"service": "Execute_Sql"
		},
		"request": {
			"AREA_NO": "0",
			"DEP_ID": "1"
		},
		"response": {
			"return_code": "0",
			"info": "1"
		}
	},
    "Get_Member": {
		"callService": {
			"service": "Execute_Sql"
		},
		"request": {
			"AREA_NO": "0",
			"D401_10": "1"
		},
		"response": {
			"return_code": "0"
		}
	},
    "Get_S301_06": {
		"callService": {
			"service": "Execute_Sql"
		},
		"request": {
			"AREA_NO": "0"
		},
		"response": {
			"return_code": "0"
		}
	},
    "PROC_DELETE_PRICE_LIST_PER": {
		"callService": {
			"service": "Update_Data_String"
		},
		"request": {
			"AREA_NO": "0",
            "D504_01": "1",
            "HIS_ID": "2"
             
		},
		"response": {
			"return_code": "0"
		}
	},
    "shoufei": {
		"callService": {
			"service": "Update_Data_String"
		},
		"request": {
			"AREA_CODE":"0",
			"D504_01":"1",
			"D504_12":"2",
			"D504_15":"3",
			"D504_17":"4",
			"D504_18":"5",
			"D504_20":"6",
			"D504_22":"7",
			"D506_03":"8",
			"D506_13":"9",
			"D506_18":"10",
			"D506_15":"11",
			"D506_14":"12",
			"D506_16":"13",
			"D506_17":"14",
			"D506_23":"15",
			"D506_26":"16",
			"D506_27":"17",
			"SELF_PAY":"18",
			"HEAV_REDEEM_SUM":"19",
			"BEGINPAY":"20",
			"D504_29":"21"
		},
		"response": {
			"return_code": "0"
		}
	}
}